text,index,translated
This is an example sentence.,1,Знакомство порождает презрение.
The quick brown fox jumps over the lazy dog.,2,"Люди, живущие в стеклянных домах, не должны бросать камни."
A journey of a thousand miles begins with a single step.,3,Слишком много поваров портят бульон.
"To be or not to be, that is the question.",4,Быть или не быть – вот в чем вопрос.
All roads lead to Rome.,5,Практика делает совершенным.
Knowledge is power.,6,Нельзя судить о книге по ее обложке.
Rome wasn't built in a day.,7,"Когда сомневаетесь, оставьте это."
"When in Rome, do as the Romans do.",8,"Можно привести лошадь к воде, но нельзя заставить ее пить."
"Where there's a will, there's a way.",9,Меньше значит больше.
You can't judge a book by its cover.,10,Молчание - золото.
Practice makes perfect.,11,"Хорошие вещи приходят к тем, кто ждет."
Actions speak louder than words.,12,"Твоя догадка так же хороша, как моя."
Beauty is in the eye of the beholder.,13,Удача благоволит смелым.
Don't put all your eggs in one basket.,14,Действуйте осторожно.
Every cloud has a silver lining.,15,Ранняя птица ловит червя.
Good things come to those who wait.,16,Необходимость — мать изобретения.
Honesty is the best policy.,17,Отсутствие заставляет сердце расти.
"If at first you don't succeed, try again.",18,Пусть спящие собаки лгут.
Laughter is the best medicine.,19,Все дороги ведут в Рим.
Look before you leap.,20,"Правда страннее, чем вымысел."
Money doesn't grow on trees.,21,"Профилактика лучше, чем лечение."
Necessity is the mother of invention.,22,Великие умы думают одинаково.
"No pain, no gain.",23,Качество превыше количества.
Old habits die hard.,24,Практика делает совершенным.
Opportunity knocks but once.,25,"Там, где дым, там и огонь."
Patience is a virtue.,26,Все хорошее должно закончиться.
People who live in glass houses shouldn't throw stones.,27,"Жизнь — это то, что происходит, когда вы заняты другими делами."
Prevention is better than cure.,28,Все еще вода течет глубоко.
Rome wasn't built in a day.,29,Честность — лучшая политика.
Slow and steady wins the race.,30,Нулевая терпимость означает нулевое милосердие.
Time flies when you're having fun.,31,"Половина буханки лучше, чем ничего."
Two heads are better than one.,32,Рим не был построен за один день.
Variety is the spice of life.,33,Яблоко не падает далеко от дерева.
"Waste not, want not.",34,Трава всегда зеленее с другой стороны.
What goes around comes around.,35,"Никакой боли, никакой выгоды."
"When the going gets tough, the tough get going.",36,"Лучше поздно, чем никогда."
"You can lead a horse to water, but you can't make it drink.",37,Любовь побеждает все.
Absence makes the heart grow fonder.,38,Знание – это сила.
All good things must come to an end.,39,"Мы едины, мы разделены, мы падаем."
Better late than never.,40,Рим не был построен за один день.
Birds of a feather flock together.,41,Здоровье – это богатство.
Cleanliness is next to godliness.,42,Это пример предложения.
Curiosity killed the cat.,43,Действия говорят громче слов.
Discretion is the better part of valor.,44,С возрастом приходит мудрость.
Early bird catches the worm.,45,Птицы с перьями слетаются вместе.
"Easy come, easy go.",46,"Делайте сено, пока светит солнце."
Empty vessels make the most noise.,47,"Ударь, пока железо горячее."
Familiarity breeds contempt.,48,"Если сначала у вас ничего не получится, попробуйте еще раз."
Fortune favors the bold.,49,Медленно и уверенно выигрывает гонку.
Great minds think alike.,50,"Дом там, где сердце."
Half a loaf is better than none.,51,Быстрая коричневая лиса прыгает через ленивую собаку.
Health is wealth.,52,Ручка сильнее меча.
Home is where the heart is.,53,Старые привычки умирают тяжело.
Idle hands are the devil's workshop.,54,Убить двух зайцев одним выстрелом.
Ignorance is bliss.,55,Многие руки заставляют работать свет.
It's always darkest before dawn.,56,Рим не был построен за один день.
"Jack of all trades, master of none.",57,Разнообразие — это специя жизни.
Keep your friends close and your enemies closer.,58,"Время летит, когда тебе весело."
Kill two birds with one stone.,59,Бездельные руки - мастерская дьявола.
Less is more.,60,Красота в глазах смотрящего.
Let sleeping dogs lie.,61,"Работайте умнее, а не тяжелее."
Life is what happens when you're busy making other plans.,62,Любопытство убило кошку.
Love conquers all.,63,Несчастье любит компанию.
Make hay while the sun shines.,64,"Позаботьтесь о пенни, и фунты позаботятся о себе."
Many hands make light work.,65,Смех – лучшее лекарство.
Misery loves company.,66,Две головы лучше одной.
Never put off till tomorrow what you can do today.,67,Невежество — это блаженство.
"Nothing ventured, nothing gained.",68,"Нет такого места, как дом."
"Out of sight, out of mind.",69,"Возможность стучит, но один раз."
People who live in glass houses should not throw stones.,70,Дискреция — лучшая часть доблести.
Practice makes perfect.,71,"Никогда не откладывайте на завтра то, что вы можете сделать сегодня."
Proceed cautiously.,72,Деньги не растут на деревьях.
Quality over quantity.,73,Разнообразие — это специя жизни.
Rome wasn't built in a day.,74,Хорошо начатое наполовину сделано.
Seeing is believing.,75,"Когда вы в Риме, делайте то же, что и римляне."
Silence is golden.,76,До рассвета всегда темнее.
Still waters run deep.,77,Не кладите все яйца в одну корзину.
Strike while the iron is hot.,78,Ты не можешь съесть торт и съесть его тоже.
Take care of the pennies and the pounds will take care of themselves.,79,Ранняя птица ловит червя.
Talk is cheap.,80,"Ничего не рискнул, ничего не выиграл."
The apple doesn't fall far from the tree.,81,Говорить дешево.
The early bird catches the worm.,82,"Посмотри, прежде чем прыгать."
The grass is always greener on the other side.,83,"Отходы нет, не хочу."
The pen is mightier than the sword.,84,"Джек всех профессий, мастер ни одной."
There’s no place like home.,85,Время лечит все раны.
Time heals all wounds.,86,Терпение – это добродетель.
Too many cooks spoil the broth.,87,"Полегче, полегче."
Truth is stranger than fiction.,88,"С глаз долой, с ума."
"United we stand, divided we fall.",89,"Там, где есть завещание, есть способ."
Variety is the spice of life.,90,"То, что сделано, нельзя отменить."
Well begun is half done.,91,"То, что происходит вокруг, происходит вокруг."
What's done cannot be undone.,92,Держите своих друзей и врагов ближе.
"When in doubt, leave it out.",93,Видеть — значит верить.
"Where there’s smoke, there’s fire.",94,Каждое облако имеет серебряную подкладку.
With age comes wisdom.,95,"Ты поцарапаешь мне спину, я поцарапаю твою."
"Work smarter, not harder.",96,Чистота рядом с благочестием.
You can't have your cake and eat it too.,97,Пустые сосуды создают наибольший шум.
"You scratch my back, I'll scratch yours.",98,"Когда движение становится жестким, жесткое идет."
Your guess is as good as mine.,99,Путешествие в тысячу миль начинается с одного шага.
Zero tolerance means zero mercy.,100,"Люди, живущие в стеклянных домах, не должны бросать камни."
